fish,relax_time(s),error(s)
1,0.747852841095988,0.012915554769442707
2,0.525500670399339,0.006939287575001568
3,0.4819975735670547,0.013177609246970326
4,0.7048353271477542,0.015976508167211075
5,0.5324966216817454,0.02250010216107104
6,0.4782838067239677,0.011672014956785921
7,0.41775497733627065,0.006814071194619216
8,0.7619579772000428,0.008829759569951896
9,0.4284622584650009,0.010523237042993521
10,0.39912219359539997,0.004802908270447067
