{
    "f1-score":[
        0.17279158532619476,
        0.19917415082454681,
        0.23052150011062622,
        0.26424139738082886,
        0.28920599818229675,
        0.3087032437324524,
        0.3206028342247009,
        0.333999902009964,
        0.3473684787750244,
        0.35802870988845825
    ],
    "iou_score":[
        0.11439019441604614,
        0.1363210529088974,
        0.16573375463485718,
        0.19894389808177948,
        0.224741593003273,
        0.2459852248430252,
        0.26041334867477417,
        0.27553442120552063,
        0.29008904099464417,
        0.3017904460430145
    ],
    "loss":[
        0.8331590890884399,
        0.8122539520263672,
        0.7925354242324829,
        0.7735382914543152,
        0.7589033842086792,
        0.7469308972358704,
        0.7376783490180969,
        0.7283956408500671,
        0.7187619209289551,
        0.7103344798088074
    ],
    "lr":[
        