{
    "tifs_1": {
        "densities": [
            1.539687207420158,
            1.0524176485420715,
            1.509116605358658
        ],
        "vols": [
            0.039311607004174236,
            0.006521550318778483,
            0.02824900258794898
        ]
    },
    "tifs_10": {
        "densities": [
            1.4512629933092047,
            0.9775456736635721,
            1.5498959577904052
        ],
        "vols": [
            0.04477247315420603,
            0.0076733870332768425,
            0.02937597951724234
        ]
    },
    "tifs_2": {
        "densities": [
            1.4927699432842558,
            1.202670852425812,
            1.553785865534744
        ],
        "vols": [
            0.042866556288489316,
            0.0033809307878800775,
            0.02659997016935061
        ]
    },
    "tifs_3": {
        "densities": [
            1.5604797032436275,
            1.0869097932293441,
            1.67568220865895
        ],
        "vols": [
            0.04481390612954769,
            0.00811257657189852,
            0.03270719073471242
        ]
    },
    "tifs_4": {
        "densities": [
            1.5196988475876307,
            1.036377000151628,
            1.5215859308765403
        ],
        "vols": [
            0.04117609089454928,
            0.007217624304518499,
            0.027337477130432292
        ]
    },
    "tifs_5": {
        "densities": [
            1.5108193170321391,
            1.0811271715005741,
            1.5555424881136106
        ],
        "vols": [
            0.038093477529129206,
            0.008228588902855188,
            0.025174675817597244
        ]
    },
    "tifs_6": {
        "densities": [
            1.4690068801126313,
            1.1390478370336476,
            1.5437612358541961
        ],
        "vols": [
            0.04683583532622108,
            0.005038249801546782,
            0.034563388030019127
        ]
    },
    "tifs_7": {
        "densities": [
            1.474416141080159,
            1.1029725238090513,
            1.578734974467449
        ],
        "vols": [
            0.04341347156299933,
            0.004764792164291776,
            0.02883735083780066
        ]
    },
    "tifs_8": {
        "densities": [
            1.5117036366907135,
            0.9801151821570885,
            1.5272887738523286
        ],
        "vols": [
            0.03246687947773075,
            0.005659744431671797,
            0.03143934168925739
        ]
    },
    "tifs_9": {
        "densities": [
            1.4654731351117398,
            1.0550812092607609,
            1.682306933810754
        ],
        "vols": [
            0.04122581046495928,
            0.009827901751043559,
            0.03843322792693088
        ]
    }
}