{
    "1": {
        "densities": [
            1.5059630813086002,
            1.0293663006251588,
            1.476062074236433
        ],
        "vols": [
            0.039311607004174236,
            0.006521550318778483,
            0.02824900258794898
        ]
    },
    "10": {
        "densities": [
            1.4194756432737368,
            0.9561342639827214,
            1.5159482270510578
        ],
        "vols": [
            0.04477247315420603,
            0.0076733870332768425,
            0.02937597951724234
        ]
    },
    "2": {
        "densities": [
            1.460073456893872,
            1.1763284737254902,
            1.5197529332436137
        ],
        "vols": [
            0.042866556288489316,
            0.0033809307878800775,
            0.02659997016935061
        ]
    },
    "3": {
        "densities": [
            1.5263001542721892,
            1.0631029558651683,
            1.6389793524844185
        ],
        "vols": [
            0.04481390612954769,
            0.00811257657189852,
            0.03270719073471242
        ]
    },
    "4": {
        "densities": [
            1.4864125311587844,
            1.0136769942778416,
            1.4882582812246135
        ],
        "vols": [
            0.04117609089454928,
            0.007217624304518499,
            0.027337477130432292
        ]
    },
    "5": {
        "densities": [
            1.4777274910211007,
            1.0574469922416918,
            1.521471080110599
        ],
        "vols": [
            0.038093477529129206,
            0.008228588902855188,
            0.025174675817597244
        ]
    },
    "6": {
        "densities": [
            1.4368308816079263,
            1.114099008,
            1.509947875352673
        ],
        "vols": [
            0.04683583532622108,
            0.005038249801546782,
            0.034563388030019127
        ]
    },
    "7": {
        "densities": [
            1.442121662277534,
            1.0788138607304347,
            1.5441555760551724
        ],
        "vols": [
            0.04341347156299933,
            0.004764792164291776,
            0.02883735083780066
        ]
    },
    "8": {
        "densities": [
            1.4785924412210312,
            0.9586474919355782,
            1.4938362135076435
        ],
        "vols": [
            0.03246687947773075,
            0.005659744431671797,
            0.03143934168925739
        ]
    },
    "9": {
        "densities": [
            1.4333745370436182,
            1.0319715207554807,
            1.645458974744286
        ],
        "vols": [
            0.04122581046495928,
            0.009827901751043559,
            0.03843322792693088
        ]
    }
}