{
    "61": {
        "dens": [
            2.0042122781323077,
            1.6570730132414748,
            2.1795196032199766
        ],
        "vols": [
            0.13839685770692414,
            0.011078934952739492,
            0.05054389783844395
        ]
    },
    "62": {
        "dens": [
            2.1109375137022783,
            2.0335363532722965,
            2.3358997464629017
        ],
        "vols": [
            0.15585794360541164,
            0.015501953771709622,
            0.09328548781827908
        ]
    },
    "63": {
        "dens": [
            2.079704359675281,
            1.5941333049582809,
            2.1810195882844554
        ],
        "vols": [
            0.13967157686364862,
            0.01669112130717741,
            0.07235100609677057
        ]
    },
    "64": {
        "dens": [
            1.643438224214481,
            1.3966714524508086,
            1.8475703453582593
        ],
        "vols": [
            0.08685218127918674,
            0.006115045833610331,
            0.04964305390376387
        ]
    },
    "65": {
        "dens": [
            1.6675946417254102,
            1.2087582108592219,
            1.7823994893368318
        ],
        "vols": [
            0.08394290189774183,
            0.012091113352820428,
            0.05555426487625386
        ]
    }
}